id_demonio,nombre_demonio,rango,especialidad,nivel_ira,siglo_servicio,activo
1,Scott Devoraalmas,Analista Infernal,Castigos psicológicos,58,18,S
2,Elaine el Cruel,Verdugo,Contratos,40,20,S
3,James Incontable,Analista Infernal,Recaudación,38,16,S
4,Kimberly el Cruel,Archidemonio,Fuego,72,20,S
5,Elizabeth Incontable,Íncubo,Castigos psicológicos,42,19,S
6,Belinda la Sombra,Súcubo,Almas corruptas,75,17,N
7,David Incontable,Archidemonio,Castigos psicológicos,58,17,N
8,Adam el Cruel,Súcubo,Castigos psicológicos,66,15,S
9,Amy Incontable,Analista Infernal,Castigos psicológicos,82,14,S
10,Jeremy Incontable,Íncubo,,98,13,S
11,Glenn el Cruel,Archidemonio,Recaudación,10,18,N
12,Jerry el Cruel,Íncubo,Fuego,43,20,N
13,Nicole Incontable,Verdugo,Contratos,60,13,S
14,Derrick Devoraalmas,Verdugo,Contratos,42,13,N
15,Matthew Eterno,Verdugo,Contratos,66,14,S
16,Kimberly la Sombra,Súcubo,Fuego,81,15,S
17,Kyle Incontable,Súcubo,Almas corruptas,55,20,N
18,Jason Eterno,Verdugo,Recaudación,40,19,N
19,Alexandra el Cruel,Súcubo,Castigos psicológicos,92,14,S
20,James Eterno,Archidemonio,Contratos,21,12,N
21,Amy la Sombra,Súcubo,Contratos,1,20,N
22,Jeremy Eterno,Analista Infernal,Castigos psicológicos,95,15,N
23,Michelle la Sombra,Archidemonio,Almas corruptas,63,14,N
24,Stacy el Cruel,Analista Infernal,Almas corruptas,11,15,S
25,Kathleen Eterno,Súcubo,Almas corruptas,83,15,N
26,Sean Incontable,Analista Infernal,Fuego,75,14,N
27,Jose Eterno,Súcubo,Contratos,17,21,N
28,Andrew Incontable,Archidemonio,Castigos psicológicos,79,19,N
29,Daniel Incontable,Súcubo,Almas corruptas,66,17,S
30,Jacob el Cruel,Íncubo,Castigos psicológicos,53,19,N
31,Gary el Cruel,Analista Infernal,Recaudación,18,17,S
32,Joshua la Sombra,Verdugo,Recaudación,70,21,N
33,John Devoraalmas,Analista Infernal,Almas corruptas,54,13,N
34,Jason Incontable,Íncubo,Contratos,42,16,S
35,Joseph Devoraalmas,Analista Infernal,Recaudación,4,15,N
36,Dakota el Cruel,Archidemonio,Contratos,19,16,N
37,Alexandra Incontable,Analista Infernal,Almas corruptas,97,14,N
38,Amber Devoraalmas,Verdugo,Almas corruptas,72,20,N
39,Shawn Eterno,Analista Infernal,Contratos,17,21,N
40,Jennifer Devoraalmas,Analista Infernal,Fuego,50,16,S
41,Aaron Devoraalmas,Archidemonio,Contratos,66,19,S
42,Robert el Cruel,Súcubo,Recaudación,46,21,S
43,Garrett Incontable,Verdugo,Castigos psicológicos,79,12,S
44,Natasha Devoraalmas,Súcubo,Recaudación,85,14,S
45,Meredith la Sombra,Analista Infernal,Recaudación,96,13,S
46,Kyle la Sombra,Archidemonio,Almas corruptas,32,12,N
47,Tiffany Devoraalmas,Analista Infernal,Fuego,76,17,N
48,Paul Eterno,Íncubo,Castigos psicológicos,40,13,S
49,Daniel la Sombra,Verdugo,Contratos,100,21,N
50,David Devoraalmas,Archidemonio,Recaudación,92,15,S
51,Robert Incontable,Verdugo,Castigos psicológicos,62,21,N
52,Andrea Eterno,Verdugo,Almas corruptas,92,14,N
53,Beth Incontable,Verdugo,Castigos psicológicos,furioso,14,N
54,April Eterno,Analista Infernal,Recaudación,71,21,S
55,Destiny Devoraalmas,Analista Infernal,Contratos,95,15,S
56,Heidi Devoraalmas,Archidemonio,Castigos psicológicos,12,17,N
57,Sharon la Sombra,Íncubo,Contratos,73,15,N
58,William Eterno,Analista Infernal,Fuego,87,16,S
59,Darin Eterno,Íncubo,Almas corruptas,10,19,N
60,Henry Devoraalmas,Analista Infernal,Contratos,22,19,N
61,Tammy Eterno,Súcubo,Almas corruptas,43,21,S
62,Chelsea la Sombra,Analista Infernal,Fuego,71,19,N
63,Mark el Cruel,Súcubo,Recaudación,12,14,N
64,Luis Eterno,Analista Infernal,Fuego,77,17,N
65,Andrea Eterno,Súcubo,Recaudación,68,13,N
66,Jonathan la Sombra,Analista Infernal,Recaudación,26,21,S
67,Carrie el Cruel,Archidemonio,Recaudación,32,20,N
68,Mario Devoraalmas,Súcubo,Contratos,30,20,S
69,Carrie Eterno,Súcubo,,14,17,N
70,James Incontable,Archidemonio,Contratos,59,13,N
71,Amy Eterno,Archidemonio,Contratos,56,19,S
72,James el Cruel,Archidemonio,Recaudación,51,13,S
73,Chris Eterno,Archidemonio,Almas corruptas,14,17,S
74,Jerry Devoraalmas,Súcubo,,47,21,S
75,Reginald Devoraalmas,Analista Infernal,Recaudación,1,21,N
76,Rodney Incontable,Analista Infernal,Contratos,13,17,S
77,Courtney Devoraalmas,Súcubo,Castigos psicológicos,74,14,N
78,Heather Incontable,Analista Infernal,Recaudación,12,18,S
79,Nichole el Cruel,Analista Infernal,Fuego,49,18,S
80,Barbara el Cruel,Analista Infernal,Castigos psicológicos,71,12,S
81,Cynthia la Sombra,Íncubo,Recaudación,52,15,S
82,Sara Eterno,Íncubo,Recaudación,64,14,N
83,Dave Devoraalmas,Archidemonio,Castigos psicológicos,50,12,N
84,Roy Devoraalmas,Súcubo,Contratos,38,15,S
85,Christine el Cruel,Íncubo,,10,14,S
86,Heather el Cruel,Analista Infernal,Almas corruptas,52,19,S
87,Jeffrey el Cruel,Archidemonio,Castigos psicológicos,58,19,N
88,Kevin la Sombra,Súcubo,Contratos,49,17,S
89,Joseph Eterno,Íncubo,Contratos,35,16,S
90,Darryl Eterno,Analista Infernal,Recaudación,24,14,N
91,Robert Eterno,Súcubo,Fuego,85,18,S
92,Alexander Eterno,Analista Infernal,Almas corruptas,58,15,S
93,Jessica Devoraalmas,Súcubo,Fuego,46,17,S
94,Shawn Incontable,Súcubo,Almas corruptas,97,17,N
95,Margaret Incontable,Analista Infernal,Recaudación,33,20,N
96,Debra Incontable,Súcubo,Fuego,47,21,N
97,Rita la Sombra,Súcubo,Contratos,84,16,N
98,Gina Devoraalmas,Archidemonio,Almas corruptas,80,14,S
99,Allison el Cruel,Súcubo,Fuego,56,16,S
100,Patrick Devoraalmas,Íncubo,Almas corruptas,41,15,N
101,Matthew Devoraalmas,Íncubo,Recaudación,32,19,N
102,Patricia Incontable,Íncubo,Contratos,10,14,S
103,Jasmine Eterno,Analista Infernal,Fuego,47,13,N
104,Rachel Eterno,Archidemonio,Castigos psicológicos,49,17,N
105,Amanda Incontable,Archidemonio,,3,19,S
106,Faith Devoraalmas,Analista Infernal,Castigos psicológicos,76,15,N
107,Robert Eterno,Íncubo,Almas corruptas,97,18,S
108,Anthony la Sombra,Analista Infernal,Almas corruptas,18,19,N
109,Laura Devoraalmas,Verdugo,Fuego,50,16,S
110,Austin la Sombra,Analista Infernal,Contratos,4,16,N
111,Michael el Cruel,Íncubo,Recaudación,62,17,S
112,Alan Eterno,Archidemonio,Almas corruptas,57,12,S
113,Robert Devoraalmas,Analista Infernal,Contratos,95,18,S
114,Katherine el Cruel,Súcubo,Almas corruptas,36,14,S
115,Brian Eterno,Verdugo,Castigos psicológicos,33,12,S
116,Stephanie el Cruel,Verdugo,Contratos,99,19,S
117,Eric la Sombra,Verdugo,Recaudación,5,17,S
118,Michael Devoraalmas,Analista Infernal,Fuego,92,15,S
119,Timothy la Sombra,Súcubo,Recaudación,79,12,S
120,Erin Devoraalmas,Súcubo,Recaudación,85,20,S
121,Carrie Devoraalmas,Íncubo,Contratos,77,17,S
122,Sarah Eterno,Súcubo,Recaudación,45,19,N
123,Joyce Incontable,Verdugo,Castigos psicológicos,67,16,N
124,Jessica Devoraalmas,Súcubo,Castigos psicológicos,47,15,S
125,Marcus Devoraalmas,Analista Infernal,,1,15,N
126,Howard Devoraalmas,Verdugo,Contratos,83,13,S
127,Melissa el Cruel,Íncubo,Contratos,90,12,S
128,Kyle Incontable,Verdugo,Almas corruptas,36,15,S
129,Gregory el Cruel,Archidemonio,Castigos psicológicos,79,19,S
130,Katherine Eterno,Íncubo,Recaudación,73,19,S
131,Ralph Eterno,Analista Infernal,Recaudación,71,17,S
132,Teresa el Cruel,Analista Infernal,Contratos,74,14,N
133,Johnny Devoraalmas,Archidemonio,Contratos,39,16,N
134,Julia Eterno,Verdugo,Fuego,26,17,N
135,Kenneth el Cruel,Íncubo,Contratos,97,20,S
136,Jessica la Sombra,Íncubo,Fuego,46,17,S
137,Renee el Cruel,Archidemonio,Recaudación,72,12,S
138,James el Cruel,Archidemonio,Contratos,71,19,N
139,Sylvia el Cruel,Analista Infernal,Almas corruptas,27,18,N
140,Robert Eterno,Verdugo,Almas corruptas,18,14,N
141,Lisa Devoraalmas,Archidemonio,Recaudación,67,20,N
142,Roger la Sombra,Súcubo,Fuego,85,13,S
143,Micheal el Cruel,Archidemonio,Recaudación,90,17,N
144,Jamie Eterno,Archidemonio,Fuego,furioso,16,N
145,Angela Incontable,Analista Infernal,Almas corruptas,69,16,N
146,Katherine el Cruel,Verdugo,Recaudación,9,20,N
147,Dawn Incontable,Súcubo,Fuego,24,14,S
148,George Eterno,Archidemonio,Castigos psicológicos,21,20,N
149,Matthew el Cruel,Verdugo,Contratos,82,14,N
150,Christopher Incontable,Analista Infernal,Recaudación,64,20,N
151,Michael Incontable,Súcubo,Recaudación,3,21,S
152,Patrick Eterno,Íncubo,Recaudación,89,19,N
153,Joshua el Cruel,Analista Infernal,Fuego,87,13,N
154,Elizabeth Incontable,Analista Infernal,Fuego,30,13,N
155,Jennifer el Cruel,Archidemonio,Recaudación,92,14,N
156,Jaime Incontable,Archidemonio,,73,20,N
157,Melanie la Sombra,Súcubo,Recaudación,83,19,S
158,David Devoraalmas,Súcubo,Recaudación,6,16,S
159,Todd Devoraalmas,Analista Infernal,Castigos psicológicos,95,17,S
160,Misty la Sombra,Íncubo,Fuego,38,14,S
161,Elizabeth el Cruel,Verdugo,Fuego,5,18,N
162,Jennifer Eterno,Analista Infernal,Recaudación,40,12,N
163,Nathan la Sombra,Íncubo,Almas corruptas,87,18,S
164,Randy la Sombra,Archidemonio,Almas corruptas,27,20,N
165,Ann la Sombra,Analista Infernal,Castigos psicológicos,65,15,S
166,Michael el Cruel,Archidemonio,Fuego,11,14,S
167,Geoffrey Devoraalmas,Íncubo,Contratos,37,16,N
168,Barbara la Sombra,Analista Infernal,Fuego,66,12,S
169,Curtis Incontable,Archidemonio,Contratos,25,20,N
170,Charles el Cruel,Analista Infernal,Castigos psicológicos,76,13,N
171,Andrea la Sombra,Verdugo,Fuego,51,18,N
172,Shannon la Sombra,Archidemonio,Contratos,65,13,N
173,Stephanie la Sombra,Íncubo,Almas corruptas,56,20,S
174,Nathan el Cruel,Verdugo,Fuego,15,18,N
175,Susan el Cruel,Verdugo,Almas corruptas,22,20,S
176,Alison el Cruel,Súcubo,Castigos psicológicos,88,18,N
177,Angel Eterno,Analista Infernal,Contratos,7,16,S
178,Jennifer el Cruel,Súcubo,Castigos psicológicos,71,21,N
179,Sheri Incontable,Súcubo,Castigos psicológicos,72,19,N
180,Austin Eterno,Verdugo,Fuego,88,12,S
181,Katie Devoraalmas,Verdugo,Almas corruptas,65,13,S
182,Leah Eterno,Íncubo,Recaudación,38,20,N
183,Katherine Devoraalmas,Súcubo,Castigos psicológicos,82,17,S
184,Henry la Sombra,Íncubo,Fuego,80,12,S
185,Jason Devoraalmas,Verdugo,Castigos psicológicos,47,15,N
186,Alexander Devoraalmas,Archidemonio,Fuego,21,13,S
187,Christopher la Sombra,Íncubo,Castigos psicológicos,19,17,S
188,Adriana Incontable,Íncubo,Fuego,73,13,S
189,Lauren Eterno,Analista Infernal,Recaudación,14,12,S
190,Tracy el Cruel,Íncubo,Recaudación,79,17,S
191,Gregory la Sombra,Súcubo,Fuego,39,17,S
192,Brian Eterno,Verdugo,Contratos,59,14,S
193,Michael el Cruel,Verdugo,Fuego,21,12,N
194,Molly Eterno,Verdugo,Recaudación,67,14,N
195,Anthony el Cruel,Íncubo,,52,15,N
196,Natalie Eterno,Verdugo,Fuego,furioso,15,N
197,Justin Devoraalmas,Analista Infernal,Castigos psicológicos,31,21,N
198,Marcus el Cruel,Verdugo,Almas corruptas,100,18,S
199,Dillon Eterno,Íncubo,Castigos psicológicos,67,13,N
200,Michelle Eterno,Súcubo,Recaudación,7,13,N
201,Tiffany Incontable,Íncubo,Castigos psicológicos,54,12,N
202,Edward Incontable,Archidemonio,Fuego,8,18,N
203,Sarah Incontable,Analista Infernal,Castigos psicológicos,44,13,N
204,Riley Incontable,Íncubo,Almas corruptas,8,13,N
205,Mark Incontable,Analista Infernal,Castigos psicológicos,95,17,N
206,Cynthia la Sombra,Archidemonio,Castigos psicológicos,54,15,S
207,Ian Devoraalmas,Íncubo,Almas corruptas,22,12,N
208,William Devoraalmas,Íncubo,Fuego,48,16,S
209,Alex Incontable,Archidemonio,Castigos psicológicos,19,18,S
210,Seth Eterno,Súcubo,Fuego,63,19,N
211,Steven Eterno,Íncubo,Fuego,40,15,S
212,Martin la Sombra,Verdugo,Almas corruptas,83,18,S
213,Diane Eterno,Analista Infernal,Fuego,95,17,N
214,Karen el Cruel,Archidemonio,Contratos,10,15,S
215,Nathan la Sombra,Súcubo,Castigos psicológicos,87,17,N
216,Edgar la Sombra,Súcubo,Almas corruptas,56,13,N
217,Jennifer el Cruel,Súcubo,Fuego,24,12,S
218,Elizabeth el Cruel,Archidemonio,Contratos,97,20,S
219,Amanda el Cruel,Íncubo,Recaudación,24,18,S
220,Melissa Devoraalmas,Verdugo,Fuego,furioso,21,S
221,Philip la Sombra,Archidemonio,Fuego,53,15,S
222,Amanda el Cruel,Archidemonio,Castigos psicológicos,65,12,N
223,Douglas la Sombra,Verdugo,Castigos psicológicos,1,17,S
224,Chase el Cruel,Archidemonio,Contratos,32,13,S
225,Joseph Devoraalmas,Analista Infernal,Castigos psicológicos,58,14,N
226,Jocelyn Eterno,Súcubo,Contratos,47,19,S
227,Latoya Eterno,Analista Infernal,Contratos,99,15,S
228,Stephanie la Sombra,Archidemonio,Recaudación,26,13,N
229,Melissa Devoraalmas,Súcubo,Almas corruptas,33,17,S
230,Barbara la Sombra,Súcubo,Castigos psicológicos,42,14,S
231,Robert Incontable,Archidemonio,Almas corruptas,69,14,S
232,David Eterno,Súcubo,Castigos psicológicos,23,21,S
233,Erin el Cruel,Analista Infernal,Almas corruptas,20,18,N
234,Jonathan Eterno,Súcubo,Contratos,74,15,S
235,Kimberly el Cruel,Analista Infernal,Contratos,63,19,N
236,Ashley el Cruel,Verdugo,Recaudación,30,12,S
237,Brian Incontable,Analista Infernal,Contratos,49,15,S
238,Andrew el Cruel,Súcubo,Recaudación,56,17,N
239,Alexander Eterno,Verdugo,Contratos,93,15,N
240,Anthony la Sombra,Íncubo,Contratos,20,13,S
241,John la Sombra,Íncubo,Castigos psicológicos,92,21,S
242,April Devoraalmas,Súcubo,Fuego,20,17,S
243,Ryan Eterno,Íncubo,Contratos,61,16,N
244,Joseph la Sombra,Archidemonio,Contratos,90,19,N
245,David la Sombra,Archidemonio,Recaudación,66,20,S
246,Chad el Cruel,Verdugo,Fuego,15,15,N
247,Grant Incontable,Verdugo,Fuego,50,12,N
248,Michael la Sombra,Íncubo,Fuego,70,12,N
249,Kyle Devoraalmas,Íncubo,Fuego,69,17,S
250,Kayla Incontable,Analista Infernal,Recaudación,24,12,S
251,Paige Incontable,Archidemonio,Contratos,81,20,S
252,Michael el Cruel,Súcubo,Contratos,4,19,N
253,Karen Eterno,Súcubo,Contratos,20,18,N
254,Edwin Devoraalmas,Súcubo,Contratos,72,15,S
255,Joseph Incontable,Íncubo,Castigos psicológicos,44,14,N
256,Edward Eterno,Íncubo,Almas corruptas,28,15,N
257,Jason Incontable,Archidemonio,Almas corruptas,79,13,N
258,Frank Devoraalmas,Súcubo,Castigos psicológicos,78,12,N
259,Erin la Sombra,Íncubo,Almas corruptas,38,19,N
260,Crystal Eterno,Súcubo,Recaudación,furioso,15,N
261,Jennifer Incontable,Analista Infernal,Castigos psicológicos,96,16,N
262,Joe el Cruel,Súcubo,Castigos psicológicos,37,18,N
263,Cathy Eterno,Súcubo,Castigos psicológicos,80,12,S
264,Susan la Sombra,Analista Infernal,Contratos,63,12,S
265,Louis la Sombra,Súcubo,Contratos,65,15,N
266,Angela Eterno,Súcubo,Almas corruptas,35,21,S
267,Lauren Devoraalmas,Archidemonio,Contratos,69,17,N
268,Gabrielle la Sombra,Verdugo,Castigos psicológicos,52,13,N
269,Ashley Incontable,Súcubo,Fuego,68,21,N
270,Rachel Eterno,Súcubo,Recaudación,78,14,S
271,Allison Devoraalmas,Analista Infernal,Almas corruptas,85,14,S
272,Alicia Devoraalmas,Verdugo,Recaudación,96,19,N
273,Christina Incontable,Súcubo,Almas corruptas,7,17,N
274,Brenda Eterno,Súcubo,Contratos,52,18,S
275,Michael Devoraalmas,Verdugo,Almas corruptas,61,16,S
276,Jonathan Incontable,Súcubo,Almas corruptas,11,17,S
277,Mark la Sombra,Íncubo,Almas corruptas,82,18,S
278,Heather el Cruel,Íncubo,Recaudación,28,19,S
279,Clarence Devoraalmas,Súcubo,Almas corruptas,39,20,S
280,Donald la Sombra,Súcubo,Fuego,88,16,S
281,Anthony la Sombra,Archidemonio,Almas corruptas,3,19,S
282,Charles Devoraalmas,Analista Infernal,Fuego,47,16,N
283,Jennifer el Cruel,Analista Infernal,Almas corruptas,94,12,S
284,Philip la Sombra,Archidemonio,Almas corruptas,63,12,S
285,Carl Devoraalmas,Verdugo,Recaudación,19,18,N
286,Timothy Incontable,Analista Infernal,Recaudación,27,18,S
287,Linda la Sombra,Archidemonio,Recaudación,22,20,S
288,Susan Devoraalmas,Íncubo,Contratos,11,20,S
289,Thomas el Cruel,Súcubo,Fuego,13,19,N
290,Elizabeth Incontable,Súcubo,Almas corruptas,6,21,N
291,Erica Devoraalmas,Analista Infernal,Fuego,50,12,N
292,Evan el Cruel,Archidemonio,Castigos psicológicos,36,17,N
293,Matthew la Sombra,Súcubo,Recaudación,76,14,N
294,Dylan Devoraalmas,Íncubo,Almas corruptas,9,21,N
295,David Incontable,Analista Infernal,Contratos,14,15,S
296,Dawn Incontable,Archidemonio,Recaudación,22,12,S
297,Michael Eterno,Archidemonio,Castigos psicológicos,68,15,N
298,Amanda Devoraalmas,Súcubo,Contratos,62,21,N
299,Emily Eterno,Archidemonio,Castigos psicológicos,78,12,S
300,Tracy el Cruel,Íncubo,Contratos,89,12,N
301,Richard la Sombra,Archidemonio,Castigos psicológicos,4,13,N
302,Natasha Incontable,Archidemonio,Recaudación,57,21,N
303,Philip Devoraalmas,Archidemonio,Fuego,7,15,S
304,Shannon Incontable,Archidemonio,Almas corruptas,18,12,N
305,Christopher Eterno,Analista Infernal,Contratos,68,16,N
306,Michelle Eterno,Analista Infernal,Fuego,70,13,N
307,John Eterno,Verdugo,Recaudación,38,14,S
308,Lance Incontable,Íncubo,Castigos psicológicos,46,16,N
309,Elizabeth Eterno,Íncubo,Almas corruptas,92,20,S
310,Alexis Incontable,Analista Infernal,Recaudación,96,16,N
311,Thomas el Cruel,Analista Infernal,Almas corruptas,11,21,S
312,Dana Eterno,Súcubo,Recaudación,60,20,S
313,Daniel Devoraalmas,Súcubo,Contratos,39,18,S
314,Stephanie el Cruel,Archidemonio,Almas corruptas,5,19,S
315,Joann el Cruel,Archidemonio,Fuego,60,16,S
316,Angela Incontable,Íncubo,Fuego,87,18,S
317,Benjamin Incontable,Íncubo,Recaudación,41,13,S
318,Mark Eterno,Íncubo,Almas corruptas,98,19,S
319,Renee Devoraalmas,Analista Infernal,Fuego,53,14,N
320,James Eterno,Analista Infernal,Almas corruptas,18,18,N
321,Leah la Sombra,Verdugo,Fuego,83,14,S
322,Zachary Eterno,Archidemonio,Recaudación,66,13,S
323,Christopher Devoraalmas,Súcubo,Castigos psicológicos,33,14,S
324,Kevin Incontable,Íncubo,Castigos psicológicos,23,17,N
325,Reginald Eterno,Verdugo,Recaudación,39,14,N
326,Wayne Devoraalmas,Verdugo,Castigos psicológicos,40,12,N
327,Andres el Cruel,Analista Infernal,Fuego,94,13,S
328,Christopher Eterno,Archidemonio,Castigos psicológicos,70,20,N
329,Patricia Incontable,Verdugo,Fuego,86,21,S
330,Melissa la Sombra,Súcubo,Castigos psicológicos,97,15,S
331,Max Eterno,Íncubo,Recaudación,92,19,S
332,Thomas Eterno,Súcubo,Almas corruptas,53,15,S
333,Tiffany Devoraalmas,Súcubo,Contratos,31,20,N
334,Kathleen la Sombra,Íncubo,Fuego,13,17,S
335,Brian Devoraalmas,Analista Infernal,Contratos,furioso,16,S
336,Drew Eterno,Súcubo,Fuego,58,16,N
337,Cynthia Incontable,Analista Infernal,Recaudación,19,14,S
338,John el Cruel,Súcubo,Almas corruptas,58,13,S
339,Randy el Cruel,Súcubo,Contratos,65,13,N
340,Pamela la Sombra,Archidemonio,Recaudación,75,12,N
341,Debra la Sombra,Analista Infernal,Fuego,17,16,N
342,John Devoraalmas,Íncubo,Almas corruptas,97,18,N
343,Darryl Incontable,Súcubo,Fuego,13,12,S
344,Laura la Sombra,Verdugo,Castigos psicológicos,78,19,N
345,Megan el Cruel,Analista Infernal,Fuego,furioso,18,S
346,John Devoraalmas,Archidemonio,Almas corruptas,84,19,N
347,Austin Devoraalmas,Verdugo,Fuego,3,13,S
348,Jeffrey el Cruel,Súcubo,Castigos psicológicos,34,16,S
349,Troy la Sombra,Íncubo,Contratos,78,15,S
350,Catherine Devoraalmas,Íncubo,Fuego,88,18,S
351,Tony el Cruel,Íncubo,Castigos psicológicos,1,13,S
352,Michelle Incontable,Archidemonio,Contratos,50,15,N
353,Frank el Cruel,Verdugo,Almas corruptas,6,19,N
354,Alexis la Sombra,Súcubo,Castigos psicológicos,1,18,S
355,William el Cruel,Archidemonio,Contratos,68,12,N
356,Kaylee Incontable,Archidemonio,Castigos psicológicos,86,21,S
357,John Devoraalmas,Verdugo,Recaudación,58,20,S
358,Joseph Eterno,Analista Infernal,Contratos,27,19,N
359,Daniel Incontable,Íncubo,Contratos,17,16,N
360,Daniel Devoraalmas,Verdugo,Castigos psicológicos,6,21,S
361,Thomas Devoraalmas,Verdugo,Contratos,71,13,S
362,Linda Devoraalmas,Súcubo,,44,16,S
363,Vanessa Incontable,Archidemonio,Recaudación,93,15,S
364,Emily Eterno,Verdugo,Contratos,51,19,S
365,Krista Devoraalmas,Archidemonio,Recaudación,58,20,N
366,Sydney la Sombra,Archidemonio,Almas corruptas,1,18,S
367,Madison Devoraalmas,Súcubo,Fuego,23,14,N
368,Matthew Devoraalmas,Verdugo,Almas corruptas,8,20,S
369,Angela la Sombra,Súcubo,Almas corruptas,19,15,N
370,Kaitlin la Sombra,Analista Infernal,Recaudación,89,14,N
371,Laura el Cruel,Verdugo,Castigos psicológicos,12,18,N
372,Jamie Eterno,Analista Infernal,,furioso,17,S
373,Olivia Eterno,Verdugo,Fuego,43,15,N
374,John Incontable,Analista Infernal,Castigos psicológicos,78,13,N
375,Joshua Incontable,Verdugo,,40,18,N
376,Alexis Eterno,Súcubo,Almas corruptas,34,16,N
377,Michael Devoraalmas,Archidemonio,Recaudación,100,18,S
378,Andrea Incontable,Verdugo,,29,19,S
379,Tonya Incontable,Íncubo,Contratos,25,14,N
380,Timothy Eterno,Analista Infernal,Contratos,20,13,N
381,Billy Incontable,Íncubo,Almas corruptas,2,21,N
382,Laura el Cruel,Íncubo,Recaudación,42,12,S
383,Bradley Devoraalmas,Súcubo,Recaudación,93,12,N
384,Antonio Eterno,Archidemonio,Almas corruptas,59,15,S
385,Linda Devoraalmas,Súcubo,Castigos psicológicos,25,21,S
386,Alice Devoraalmas,Analista Infernal,Contratos,69,16,S
387,Stacy la Sombra,Súcubo,Almas corruptas,33,20,S
388,Robert Eterno,Archidemonio,Fuego,64,12,S
389,Katie Devoraalmas,Verdugo,Fuego,71,21,N
390,Brenda Eterno,Archidemonio,Castigos psicológicos,67,19,S
391,Vanessa Eterno,Archidemonio,Contratos,31,14,N
392,Darin la Sombra,Verdugo,Recaudación,furioso,20,N
393,Gina Devoraalmas,Analista Infernal,Recaudación,83,13,N
394,Michael la Sombra,Íncubo,Fuego,56,21,S
395,Annette Eterno,Analista Infernal,,26,14,N
396,Lauren la Sombra,Analista Infernal,Almas corruptas,37,14,N
397,Hannah Incontable,Súcubo,Castigos psicológicos,16,17,N
398,Linda el Cruel,Verdugo,Contratos,12,16,N
399,Susan la Sombra,Analista Infernal,Contratos,15,21,N
400,Michael Incontable,Íncubo,Almas corruptas,94,17,N
401,Lisa el Cruel,Íncubo,Contratos,68,15,N
402,Janice la Sombra,Analista Infernal,Almas corruptas,90,15,N
403,Nicholas Incontable,Íncubo,Recaudación,7,12,N
404,Heather la Sombra,Súcubo,Contratos,89,19,N
405,Erin Incontable,Archidemonio,Contratos,36,18,N
406,Madison Devoraalmas,Súcubo,Almas corruptas,39,21,S
407,Thomas Incontable,Súcubo,,15,21,N
408,Catherine Incontable,Analista Infernal,Recaudación,16,13,N
409,Darin la Sombra,Súcubo,Almas corruptas,83,14,S
410,William Incontable,Analista Infernal,Almas corruptas,88,21,S
411,Brandon Incontable,Analista Infernal,Recaudación,11,13,S
412,Christine la Sombra,Archidemonio,Contratos,61,13,N
413,Kaitlyn Incontable,Íncubo,Recaudación,96,13,S
414,Aaron Eterno,Súcubo,Recaudación,52,20,S
415,Jacqueline el Cruel,Analista Infernal,Fuego,41,16,S
416,Travis el Cruel,Súcubo,Almas corruptas,67,19,N
417,Mary el Cruel,Íncubo,Almas corruptas,61,18,N
418,Madison la Sombra,Archidemonio,Fuego,furioso,17,S
419,Albert Incontable,Archidemonio,Fuego,13,16,N
420,Heather Devoraalmas,Verdugo,Fuego,87,12,S
421,Arthur Incontable,Analista Infernal,Almas corruptas,70,19,S
422,Stephanie el Cruel,Analista Infernal,Recaudación,66,16,S
423,Norma Devoraalmas,Analista Infernal,Castigos psicológicos,91,14,S
424,Timothy la Sombra,Archidemonio,Almas corruptas,70,15,N
425,Kenneth la Sombra,Súcubo,Almas corruptas,92,20,N
426,Timothy Eterno,Archidemonio,Contratos,57,18,S
427,Rebecca la Sombra,Analista Infernal,Recaudación,22,12,S
428,Linda Devoraalmas,Íncubo,Contratos,68,13,N
429,Jeremy Devoraalmas,Íncubo,Fuego,78,12,N
430,Edward Devoraalmas,Íncubo,Castigos psicológicos,19,20,S
431,Lauren el Cruel,Súcubo,Contratos,90,18,N
432,Catherine la Sombra,Súcubo,Castigos psicológicos,95,18,S
433,Corey Eterno,Verdugo,Contratos,3,19,N
434,Mary Eterno,Archidemonio,Castigos psicológicos,79,14,N
435,Juan el Cruel,Íncubo,Almas corruptas,64,21,N
436,Lisa la Sombra,Súcubo,Fuego,28,14,N
437,Gabriel la Sombra,Analista Infernal,Recaudación,7,21,N
438,Erica Eterno,Analista Infernal,Almas corruptas,83,14,N
439,Gary Eterno,Íncubo,Contratos,50,21,S
440,John Eterno,Analista Infernal,Castigos psicológicos,23,21,S
441,Larry el Cruel,Archidemonio,Contratos,4,21,S
442,Tracy la Sombra,Analista Infernal,Recaudación,45,20,S
443,Ian el Cruel,Analista Infernal,Almas corruptas,11,15,S
444,Angelica el Cruel,Íncubo,Almas corruptas,25,19,S
445,Jenna Incontable,Íncubo,Castigos psicológicos,88,18,S
446,Shannon Devoraalmas,Analista Infernal,Fuego,75,21,S
447,Jessica Eterno,Súcubo,Contratos,48,18,N
448,Jeffrey la Sombra,Archidemonio,Recaudación,77,13,S
449,Colton la Sombra,Analista Infernal,Castigos psicológicos,79,17,N
450,Pamela el Cruel,Súcubo,Almas corruptas,6,20,S
451,Keith Eterno,Analista Infernal,,20,20,S
452,Robert Incontable,Súcubo,Fuego,52,18,N
453,Jeremy Eterno,Íncubo,Recaudación,92,19,S
454,Anne el Cruel,Íncubo,Recaudación,29,13,S
455,Kristen el Cruel,Súcubo,Castigos psicológicos,82,13,N
456,Janet Eterno,Súcubo,Contratos,47,21,N
457,Tina la Sombra,Archidemonio,Castigos psicológicos,42,14,S
458,Austin la Sombra,Archidemonio,Contratos,66,13,N
459,James Eterno,Analista Infernal,Fuego,17,20,N
460,Jennifer Devoraalmas,Archidemonio,Recaudación,41,16,S
461,David el Cruel,Íncubo,Fuego,8,20,N
462,Ralph la Sombra,Archidemonio,Fuego,12,21,N
463,Trevor el Cruel,Verdugo,Castigos psicológicos,91,21,S
464,Shaun la Sombra,Analista Infernal,Recaudación,34,16,S
465,Christian Incontable,Archidemonio,Contratos,66,17,N
466,Misty Devoraalmas,Súcubo,Almas corruptas,50,19,N
467,Sharon el Cruel,Analista Infernal,Contratos,25,13,S
468,Michele la Sombra,Íncubo,Castigos psicológicos,98,21,S
469,Patricia el Cruel,Archidemonio,Almas corruptas,76,14,N
470,Jennifer el Cruel,Íncubo,Recaudación,97,15,S
471,Christine Eterno,Analista Infernal,Recaudación,62,16,S
472,Haley Eterno,Analista Infernal,Recaudación,88,18,N
473,Brandon Incontable,Archidemonio,Fuego,6,17,N
474,John Devoraalmas,Analista Infernal,Contratos,91,18,S
475,Stacie el Cruel,Analista Infernal,Recaudación,95,18,S
476,Rodney Devoraalmas,Analista Infernal,Almas corruptas,38,13,N
477,Kimberly Eterno,Íncubo,Recaudación,42,21,N
478,Summer Devoraalmas,Analista Infernal,Almas corruptas,29,19,S
479,Anthony la Sombra,Súcubo,Fuego,88,18,S
480,Bryan Devoraalmas,Súcubo,Recaudación,1,21,S
481,Calvin Incontable,Íncubo,Castigos psicológicos,25,17,S
482,Katherine Incontable,Súcubo,Fuego,42,16,N
483,Roy la Sombra,Íncubo,Recaudación,30,19,S
484,Eric Incontable,Íncubo,Fuego,98,14,N
485,Richard Devoraalmas,Archidemonio,Fuego,66,21,S
486,Mary Incontable,Archidemonio,Recaudación,61,20,N
487,Cheryl Eterno,Archidemonio,Castigos psicológicos,29,12,N
488,Thomas Devoraalmas,Súcubo,Almas corruptas,16,16,S
489,Katherine la Sombra,Súcubo,Almas corruptas,89,18,N
490,Jacqueline la Sombra,Analista Infernal,Fuego,83,13,N
491,Jacob el Cruel,Verdugo,Fuego,5,19,S
492,Harold Devoraalmas,Súcubo,Fuego,60,14,N
493,Thomas Eterno,Analista Infernal,Recaudación,31,17,N
494,Joseph Eterno,Súcubo,Recaudación,64,19,S
495,Anthony Devoraalmas,Verdugo,Fuego,40,21,S
496,Cathy Incontable,Analista Infernal,Castigos psicológicos,43,17,S
497,Tammy la Sombra,Analista Infernal,Almas corruptas,28,13,N
498,Jeanne la Sombra,Súcubo,Almas corruptas,32,17,N
499,Thomas Devoraalmas,Analista Infernal,Contratos,42,15,N
500,Lauren la Sombra,Súcubo,Fuego,62,18,N
253,Karen Eterno,Súcubo,Contratos,20,18,N
196,Natalie Eterno,Verdugo,Fuego,furioso,15,N
225,Joseph Devoraalmas,Analista Infernal,Castigos psicológicos,58,14,N
500,Lauren la Sombra,Súcubo,Fuego,62,18,N
14,Derrick Devoraalmas,Verdugo,Contratos,42,13,N
432,Catherine la Sombra,Súcubo,Castigos psicológicos,95,18,S
403,Nicholas Incontable,Íncubo,Recaudación,7,12,N
260,Crystal Eterno,Súcubo,Recaudación,furioso,15,N
201,Tiffany Incontable,Íncubo,Castigos psicológicos,54,12,N
433,Corey Eterno,Verdugo,Contratos,3,19,N
